Distance_(microns),Gray_Value
0.000000,53.927
0.040000,139.766
0.080000,67.010
0.120000,176.818
0.160000,507.427
0.200000,367.415
0.240000,64.668
0.280000,5.880
0.320000,5.161
