Distance_(microns),Gray_Value
0.000000,0.685
0.040000,0.196
0.080000,0.000
0.120000,79.381
0.160000,441.496
0.200000,594.507
0.240000,186.711
0.280000,9.022
0.320000,110.634
