Distance_(microns),Gray_Value
0.000000,0.000
0.040000,3.988
0.080000,79.416
0.120000,371.646
0.160000,472.123
0.200000,236.365
0.240000,15.913
0.280000,20.000
0.320000,75.745
