Distance_(microns),Gray_Value
0.000000,100.129
0.040000,44.153
0.080000,20.741
0.120000,227.809
0.160000,475.288
0.200000,184.097
0.240000,0.285
0.280000,11.977
0.320000,54.883
