Distance_(microns),Gray_Value
0.000000,28.030
0.040000,10.680
0.080000,21.394
0.120000,273.760
0.160000,439.629
0.200000,200.249
0.240000,22.292
0.280000,27.695
0.320000,45.363
