Distance_(microns),Gray_Value
0.000000,120.935
0.040000,39.086
0.080000,50.380
0.120000,336.243
0.160000,476.035
0.200000,243.864
0.240000,36.053
0.280000,38.454
0.320000,70.485
