Distance_(microns),Gray_Value
0.000000,29.750
0.040000,0.000
0.080000,0.000
0.120000,298.441
0.160000,659.359
0.200000,511.814
0.240000,150.753
0.280000,100.350
0.320000,244.836
