Distance_(microns),Gray_Value
0.000000,4.257
0.040000,24.343
0.080000,198.048
0.120000,444.353
0.160000,300.304
0.200000,78.963
0.240000,104.922
0.280000,121.737
0.320000,66.401
