Distance_(microns),Gray_Value
0.000000,4.463
0.040000,119.332
0.080000,393.352
0.120000,528.377
0.160000,302.890
0.200000,13.102
0.240000,17.952
0.280000,74.730
0.320000,118.968
