Distance_(microns),Gray_Value
0.000000,26.091
0.040000,0.000
0.080000,13.309
0.120000,279.116
0.160000,788.046
0.200000,616.881
0.240000,51.999
0.280000,58.591
0.320000,263.166
