Distance_(microns),Gray_Value
0.000000,65.125
0.040000,31.191
0.080000,0.000
0.120000,12.957
0.160000,193.115
0.200000,499.026
0.240000,323.641
0.280000,0.684
0.320000,32.081
