Distance_(microns),Gray_Value
0.000000,30.827
0.040000,0.787
0.080000,77.159
0.120000,489.168
0.160000,572.137
0.200000,99.340
0.240000,0.000
0.280000,8.981
0.320000,42.615
