Distance_(microns),Gray_Value
0.000000,0.000
0.040000,3.749
0.080000,129.629
0.120000,438.056
0.160000,359.687
0.200000,117.880
0.240000,95.204
0.280000,117.855
