Distance_(microns),Gray_Value
0.000000,0.491
0.040000,6.936
0.080000,149.148
0.120000,307.506
0.160000,221.100
0.200000,65.007
0.240000,44.278
0.280000,66.949
0.320000,45.167
