Distance_(microns),Gray_Value
0.000000,67.353
0.040000,26.328
0.080000,23.014
0.120000,179.677
0.160000,433.146
0.200000,394.612
0.240000,92.675
0.280000,3.136
0.320000,8.448
