Distance_(microns),Gray_Value
0.000000,10.176
0.040000,36.849
0.080000,71.360
0.120000,344.777
0.160000,623.181
0.200000,339.676
0.240000,47.928
0.280000,50.494
0.320000,21.953
