Distance_(microns),Gray_Value
0.000000,0.000
0.040000,6.017
0.080000,352.262
0.120000,552.527
0.160000,280.833
0.200000,36.638
0.240000,33.736
0.280000,103.747
0.320000,43.907
