Distance_(microns),Gray_Value
0.000000,42.733
0.040000,32.465
0.080000,40.875
0.120000,328.610
0.160000,552.669
0.200000,358.013
0.240000,105.501
0.280000,17.369
0.320000,7.003
