Distance_(microns),Gray_Value
0.000000,0.000
0.040000,0.000
0.080000,27.153
0.120000,227.245
0.160000,486.245
0.200000,411.822
0.240000,144.446
0.280000,65.917
0.320000,71.997
