Distance_(microns),Gray_Value
0.000000,14.387
0.040000,2.430
0.080000,41.014
0.120000,222.098
0.160000,411.715
0.200000,278.336
0.240000,8.249
0.280000,29.675
0.320000,101.805
