Distance_(microns),Gray_Value
0.000000,13.210
0.040000,1.537
0.080000,53.309
0.120000,353.371
0.160000,421.111
0.200000,209.541
0.240000,87.490
0.280000,66.811
0.320000,44.206
